{
  "times": {
    "14": {
      "11": {
        "3": { "time": 0.3954354549944401, "std": 0.01655943697546984 },
        "4": { "time": 0.3880202340185642, "std": 0.004850640960029316 },
        "5": { "time": 0.3889418840110302, "std": 0.008091057747858468 },
        "6": { "time": 0.39215768250823024, "std": 0.0072743569832172455 },
        "7": { "time": 0.39243157249689103, "std": 0.011374894491208503 },
        "8": { "time": 0.3926929865181446, "std": 0.009081146456698011 },
        "9": { "time": 0.39278319948911666, "std": 0.007028812067287429 }
      },
      "12": {
        "4": { "time": 0.3807282894849777, "std": 0.009026893209666048 },
        "5": { "time": 0.3791262129843235, "std": 0.012037217581421702 },
        "6": { "time": 0.37613995549082757, "std": 0.011550215550347222 },
        "7": { "time": 0.3793324280083179, "std": 0.004245054687167934 },
        "8": { "time": 0.37811364349722865, "std": 0.007138771844108984 },
        "9": { "time": 0.3840798139870167, "std": 0.007373403868536545 },
        "10": { "time": 0.3829035240113735, "std": 0.005455222744606521 }
      },
      "13": {
        "4": { "time": 0.37681727546453475, "std": 0.010998545622727304 },
        "5": { "time": 0.3783911825120449, "std": 0.008093097152219871 },
        "6": { "time": 0.3693562044799328, "std": 0.0069602125302479 },
        "7": { "time": 0.37128902900218963, "std": 0.00710528413647242 },
        "8": { "time": 0.3683385564982891, "std": 0.0066298237586689 },
        "9": { "time": 0.3755410165190697, "std": 0.0075435704825147975 },
        "10": { "time": 0.38168165951967237, "std": 0.017950304973851652 }
      },
      "14": {
        "5": { "time": 0.43079468250274655, "std": 0.016574590990948216 },
        "6": { "time": 0.4233197814822197, "std": 0.046143835514931696 },
        "7": { "time": 0.41772737249732017, "std": 0.0075583859589465705 },
        "8": { "time": 0.42228116849064823, "std": 0.011848108243342025 },
        "9": { "time": 0.41488763198256495, "std": 0.01004498575860313 },
        "10": { "time": 0.4171280095279217, "std": 0.03773928547947078 },
        "11": { "time": 0.438692567974329, "std": 0.01243914688753867 }
      },
      "15": {
        "5": { "time": 0.4894962865114212, "std": 0.009730276177021402 },
        "6": { "time": 0.48543836602568624, "std": 0.03565212371655099 },
        "7": { "time": 0.4819365720152855, "std": 0.011212000160078664 },
        "8": { "time": 0.4764595105051994, "std": 0.007625530596130357 },
        "9": { "time": 0.4746813580095768, "std": 0.036808693512716 },
        "10": { "time": 0.4830054950118065, "std": 0.007179177216518352 },
        "11": { "time": 0.4934576735198498, "std": 0.009577135142181621 }
      }
    },
    "16": {
      "13": {
        "4": { "time": 1.482601202994585, "std": 0.04947894928170345 },
        "5": { "time": 1.473739287495613, "std": 0.040756740015994414 },
        "6": { "time": 1.4623056485056876, "std": 0.040018001025869256 },
        "7": { "time": 1.4619134015142916, "std": 0.04448656416143938 },
        "8": { "time": 1.460794344484806, "std": 0.050437489381331746 },
        "9": { "time": 1.4577726909816264, "std": 0.03230282153342133 },
        "10": { "time": 1.4855355249643325, "std": 0.04043629009935132 }
      },
      "14": {
        "5": { "time": 1.5132989349961279, "std": 0.056197282365926915 },
        "6": { "time": 1.5223598470091821, "std": 0.03400175905477219 },
        "7": { "time": 1.4973563440144062, "std": 0.03467262846788366 },
        "8": { "time": 1.5027152335047722, "std": 0.03974169504106979 },
        "9": { "time": 1.5014798280000687, "std": 0.03844469372297313 },
        "10": { "time": 1.5006095654964446, "std": 0.04690384174167346 },
        "11": { "time": 1.5087126564979554, "std": 0.03892997079616105 }
      },
      "15": {
        "5": { "time": 1.5047728334963322, "std": 0.0417162135045242 },
        "6": { "time": 1.4990888005197047, "std": 0.04342334421842102 },
        "7": { "time": 1.4711494700014591, "std": 0.054153179236544516 },
        "8": { "time": 1.4844248350262643, "std": 0.04237565715630469 },
        "9": { "time": 1.4656847819983958, "std": 0.04087085028641055 },
        "10": { "time": 1.5027442890107632, "std": 0.03723525623621455 },
        "11": { "time": 1.5053615140020846, "std": 0.03672631079576217 }
      },
      "16": {
        "6": { "time": 1.6437513564825057, "std": 0.042518946579387686 },
        "7": { "time": 1.6250883269906045, "std": 0.04236174934662615 },
        "8": { "time": 1.6109051350057124, "std": 0.01972997836068815 },
        "9": { "time": 1.6108559359610082, "std": 0.042074389650567694 },
        "10": { "time": 1.6203582735061646, "std": 0.0419905908214544 },
        "11": { "time": 1.624504551500082, "std": 0.018570754526999245 },
        "12": { "time": 1.6558210279643535, "std": 0.04681378199323275 }
      },
      "17": {
        "6": { "time": 1.9617437134981155, "std": 0.08203015147328682 },
        "7": { "time": 1.9319735690057276, "std": 0.055021214429107436 },
        "8": { "time": 1.9099470549821853, "std": 0.051427378659922474 },
        "9": { "time": 1.9069052375257014, "std": 0.039014806372206584 },
        "10": { "time": 1.9179281524717808, "std": 0.06939359909877459 },
        "11": { "time": 1.9406577309966087, "std": 0.05210468931527334 },
        "12": { "time": 1.939919552475214, "std": 0.07217634384535307 }
      }
    }
  },
  "best": {
    "14": {
      "time": 0.3683385564982891,
      "std": 0.0066298237586689,
      "c": 13,
      "c0": 8
    },
    "16": {
      "time": 1.4577726909816264,
      "std": 0.03230282153342133,
      "c": 13,
      "c0": 9
    }
  }
}
