{
  "14": { "time": 0.27356022949982434, "std": 0.009870095624270577 },
  "16": { "time": 0.9806626189993695, "std": 0.018690547792584007 },
  "18": { "time": 3.3885396704999726, "std": 0.05870399318037037 }
}
