{
  "14": { "time": 0.2719670084994287, "std": 0.004699018897024468 },
  "16": { "time": 0.9980173305002973, "std": 0.012786724454890796 },
  "18": { "time": 3.3911423590006304, "std": 0.05793355394601098 }
}
