{
  "14": { "time": 0.2708221019999765, "std": 0.020234907501764477 },
  "16": { "time": 1.003256388000038, "std": 0.017353698817764007 },
  "18": { "time": 3.5181081235000167, "std": 0.04999849040931203 }
}
