{
  "times": {
    "14": { "time": 0.3792806450128555, "std": 0.020578024465529914 },
    "16": { "time": 1.3830649074912071, "std": 0.026139993390581557 },
    "18": { "time": 4.994941190987825, "std": 0.08584069073122402 }
  }
}
