{
  "14": { "time": 0.27096582499984656, "std": 0.0063369494845731235 },
  "16": { "time": 0.8945713525004685, "std": 0.00521246523330661 },
  "18": { "time": 3.7747477240003646, "std": 0.019760784152841878 }
}
